{
	"class_name" : "PinholeCameraParameters",
	"extrinsic" : 
	[
		1.0,
		0.0,
		0.0,
		0.0,
		0.0,
		-1.0,
		1.2246467991473532e-16,
		0.0,
		0.0,
		-1.2246467991473532e-16,
		-1.0,
		0.0,
		-0.0,
		0.0,
		0.0,
		1.0
	],
	"intrinsic" : 
	{
		"height" : 1001,
		"intrinsic_matrix" : 
		[
			1305.0446463779251,
			0.0,
			0.0,
			0.0,
			1305.0446463779251,
			0.0,
			959.5,
			500.0,
			1.0
		],
		"width" : 1920
	},
	"version_major" : 1,
	"version_minor" : 0
}